day_number,routine_no,time,edges,predicted_mov,explanation
1,9,tensor([470.]),"tensor([[[0., 0., 0.,  ..., 0., 0., 0.],
         [1., 0., 0.,  ..., 0., 0., 0.],
         [1., 0., 0.,  ..., 0., 0., 0.],
         ...,
         [0., 0., 0.,  ..., 0., 0., 0.],
         [0., 0., 0.,  ..., 0., 0., 0.],
         [0., 0., 0.,  ..., 0., 0., 0.]]])",vacuum_cleaner from bedroom to bookshelf,"Since vacuum_cleaner from kitchen_cabinet to bedroom
"
1,10,tensor([480.]),"tensor([[[0., 0., 0.,  ..., 0., 0., 0.],
         [1., 0., 0.,  ..., 0., 0., 0.],
         [1., 0., 0.,  ..., 0., 0., 0.],
         ...,
         [0., 0., 0.,  ..., 0., 0., 0.],
         [0., 0., 0.,  ..., 0., 0., 0.],
         [0., 0., 0.,  ..., 0., 0., 0.]]])",vacuum_cleaner from home_office to dining_room,"Since vacuum_cleaner from bedroom to home_office
"
1,41,tensor([790.]),"tensor([[[0., 0., 0.,  ..., 0., 0., 0.],
         [1., 0., 0.,  ..., 0., 0., 0.],
         [1., 0., 0.,  ..., 0., 0., 0.],
         ...,
         [0., 0., 0.,  ..., 0., 0., 0.],
         [0., 0., 0.,  ..., 0., 0., 0.],
         [0., 0., 0.,  ..., 0., 0., 0.]]])",mug from dishwasher to cupboard,
1,46,tensor([840.]),"tensor([[[0., 0., 0.,  ..., 0., 0., 0.],
         [1., 0., 0.,  ..., 0., 0., 0.],
         [1., 0., 0.,  ..., 0., 0., 0.],
         ...,
         [0., 0., 0.,  ..., 0., 0., 0.],
         [0., 0., 0.,  ..., 0., 0., 0.],
         [0., 0., 0.,  ..., 0., 0., 0.]]])",mug from dishwasher to cupboard,
1,47,tensor([850.]),"tensor([[[0., 0., 0.,  ..., 0., 0., 0.],
         [1., 0., 0.,  ..., 0., 0., 0.],
         [1., 0., 0.,  ..., 0., 0., 0.],
         ...,
         [0., 0., 0.,  ..., 0., 0., 0.],
         [0., 0., 0.,  ..., 0., 0., 0.],
         [0., 0., 0.,  ..., 0., 0., 0.]]])",mug from dishwasher to cupboard,
1,48,tensor([860.]),"tensor([[[0., 0., 0.,  ..., 0., 0., 0.],
         [1., 0., 0.,  ..., 0., 0., 0.],
         [1., 0., 0.,  ..., 0., 0., 0.],
         ...,
         [0., 0., 0.,  ..., 0., 0., 0.],
         [0., 0., 0.,  ..., 0., 0., 0.],
         [0., 0., 0.,  ..., 0., 0., 0.]]])",mug from dishwasher to cupboard,
1,49,tensor([870.]),"tensor([[[0., 0., 0.,  ..., 0., 0., 0.],
         [1., 0., 0.,  ..., 0., 0., 0.],
         [1., 0., 0.,  ..., 0., 0., 0.],
         ...,
         [0., 0., 0.,  ..., 0., 0., 0.],
         [0., 0., 0.,  ..., 0., 0., 0.],
         [0., 0., 0.,  ..., 0., 0., 0.]]])",mug from dishwasher to cupboard,
1,50,tensor([880.]),"tensor([[[0., 0., 0.,  ..., 0., 0., 0.],
         [1., 0., 0.,  ..., 0., 0., 0.],
         [1., 0., 0.,  ..., 0., 0., 0.],
         ...,
         [0., 0., 0.,  ..., 0., 0., 0.],
         [0., 0., 0.,  ..., 0., 0., 0.],
         [0., 0., 0.,  ..., 0., 0., 0.]]])",mug from dishwasher to cupboard,
1,51,tensor([890.]),"tensor([[[0., 0., 0.,  ..., 0., 0., 0.],
         [1., 0., 0.,  ..., 0., 0., 0.],
         [1., 0., 0.,  ..., 0., 0., 0.],
         ...,
         [0., 0., 0.,  ..., 0., 0., 0.],
         [0., 0., 0.,  ..., 0., 0., 0.],
         [0., 0., 0.,  ..., 0., 0., 0.]]])",mug from dishwasher to cupboard,
1,52,tensor([900.]),"tensor([[[0., 0., 0.,  ..., 0., 0., 0.],
         [1., 0., 0.,  ..., 0., 0., 0.],
         [1., 0., 0.,  ..., 0., 0., 0.],
         ...,
         [0., 0., 0.,  ..., 0., 0., 0.],
         [0., 0., 0.,  ..., 0., 0., 0.],
         [0., 0., 0.,  ..., 0., 0., 0.]]])",mug from dishwasher to cupboard,
1,53,tensor([910.]),"tensor([[[0., 0., 0.,  ..., 0., 0., 0.],
         [1., 0., 0.,  ..., 0., 0., 0.],
         [1., 0., 0.,  ..., 0., 0., 0.],
         ...,
         [0., 0., 0.,  ..., 0., 0., 0.],
         [0., 0., 0.,  ..., 0., 0., 0.],
         [0., 0., 0.,  ..., 0., 0., 0.]]])",mug from dishwasher to cupboard,
1,60,tensor([980.]),"tensor([[[0., 0., 0.,  ..., 0., 0., 0.],
         [1., 0., 0.,  ..., 0., 0., 0.],
         [1., 0., 0.,  ..., 0., 0., 0.],
         ...,
         [0., 0., 0.,  ..., 0., 0., 0.],
         [0., 0., 0.,  ..., 0., 0., 0.],
         [0., 0., 0.,  ..., 0., 0., 0.]]])",cd from cd_player to table,"Since headset from table to desk
Since cd from tvstand to cd_player
"
1,63,tensor([1010.]),"tensor([[[0., 0., 0.,  ..., 0., 0., 0.],
         [1., 0., 0.,  ..., 0., 0., 0.],
         [1., 0., 0.,  ..., 0., 0., 0.],
         ...,
         [0., 0., 0.,  ..., 0., 0., 0.],
         [0., 0., 0.,  ..., 0., 0., 0.],
         [0., 0., 0.,  ..., 0., 0., 0.]]])",deck_of_cards from bookshelf to table,"Since chessboard from bookshelf to table
"
1,63,tensor([1010.]),"tensor([[[0., 0., 0.,  ..., 0., 0., 0.],
         [1., 0., 0.,  ..., 0., 0., 0.],
         [1., 0., 0.,  ..., 0., 0., 0.],
         ...,
         [0., 0., 0.,  ..., 0., 0., 0.],
         [0., 0., 0.,  ..., 0., 0., 0.],
         [0., 0., 0.,  ..., 0., 0., 0.]]])",wine_glass from cupboard to table,"Since chessboard from bookshelf to table
"
1,64,tensor([1020.]),"tensor([[[0., 0., 0.,  ..., 0., 0., 0.],
         [1., 0., 0.,  ..., 0., 0., 0.],
         [1., 0., 0.,  ..., 0., 0., 0.],
         ...,
         [0., 0., 0.,  ..., 0., 0., 0.],
         [0., 0., 0.,  ..., 0., 0., 0.],
         [0., 0., 0.,  ..., 0., 0., 0.]]])",wine_glass from cupboard to table,"Since chessboard from bookshelf to table
"
9,5,tensor([440.]),"tensor([[[0., 0., 0.,  ..., 0., 0., 0.],
         [1., 0., 0.,  ..., 0., 0., 0.],
         [1., 0., 0.,  ..., 0., 0., 0.],
         ...,
         [0., 0., 0.,  ..., 0., 0., 0.],
         [0., 0., 0.,  ..., 0., 0., 0.],
         [0., 0., 0.,  ..., 0., 0., 0.]]])",spectacles from bedroom to dining_room,"Since spectacles from bathroom_counter to bedroom
"
9,17,tensor([560.]),"tensor([[[0., 0., 0.,  ..., 0., 0., 0.],
         [1., 0., 0.,  ..., 0., 0., 0.],
         [1., 0., 0.,  ..., 0., 0., 0.],
         ...,
         [0., 0., 0.,  ..., 0., 0., 0.],
         [0., 0., 0.,  ..., 0., 0., 0.],
         [0., 0., 0.,  ..., 0., 0., 0.]]])",spectacles from dining_room to bedroom,"Since shoes from shoe_rack to dining_room
"
9,42,tensor([810.]),"tensor([[[0., 0., 0.,  ..., 0., 0., 0.],
         [1., 0., 0.,  ..., 0., 0., 0.],
         [1., 0., 0.,  ..., 0., 0., 0.],
         ...,
         [0., 0., 0.,  ..., 0., 0., 0.],
         [0., 0., 0.,  ..., 0., 0., 0.],
         [0., 0., 0.,  ..., 0., 0., 0.]]])",plate from dishwasher to cupboard,
9,43,tensor([820.]),"tensor([[[0., 0., 0.,  ..., 0., 0., 0.],
         [1., 0., 0.,  ..., 0., 0., 0.],
         [1., 0., 0.,  ..., 0., 0., 0.],
         ...,
         [0., 0., 0.,  ..., 0., 0., 0.],
         [0., 0., 0.,  ..., 0., 0., 0.],
         [0., 0., 0.,  ..., 0., 0., 0.]]])",mug from dishwasher to cupboard,"Since shoes from shoe_rack to dining_room
"
9,58,tensor([970.]),"tensor([[[0., 0., 0.,  ..., 0., 0., 0.],
         [1., 0., 0.,  ..., 0., 0., 0.],
         [1., 0., 0.,  ..., 0., 0., 0.],
         ...,
         [0., 0., 0.,  ..., 0., 0., 0.],
         [0., 0., 0.,  ..., 0., 0., 0.],
         [0., 0., 0.,  ..., 0., 0., 0.]]])",deck_of_cards from bookshelf to table,"Since chessboard from bookshelf to table
"
9,59,tensor([980.]),"tensor([[[0., 0., 0.,  ..., 0., 0., 0.],
         [1., 0., 0.,  ..., 0., 0., 0.],
         [1., 0., 0.,  ..., 0., 0., 0.],
         ...,
         [0., 0., 0.,  ..., 0., 0., 0.],
         [0., 0., 0.,  ..., 0., 0., 0.],
         [0., 0., 0.,  ..., 0., 0., 0.]]])",wine_glass from cupboard to table,"Since chessboard from bookshelf to table
Since deck_of_cards from bookshelf to table
"
3,18,tensor([560.]),"tensor([[[0., 0., 0.,  ..., 0., 0., 0.],
         [1., 0., 0.,  ..., 0., 0., 0.],
         [1., 0., 0.,  ..., 0., 0., 0.],
         ...,
         [0., 0., 0.,  ..., 0., 0., 0.],
         [0., 0., 0.,  ..., 0., 0., 0.],
         [0., 0., 0.,  ..., 0., 0., 0.]]])",spectacles from dining_room to bedroom,"Since shoes from shoe_rack to dining_room
"
3,19,tensor([570.]),"tensor([[[0., 0., 0.,  ..., 0., 0., 0.],
         [1., 0., 0.,  ..., 0., 0., 0.],
         [1., 0., 0.,  ..., 0., 0., 0.],
         ...,
         [0., 0., 0.,  ..., 0., 0., 0.],
         [0., 0., 0.,  ..., 0., 0., 0.],
         [0., 0., 0.,  ..., 0., 0., 0.]]])",cloth_napkin from basket_for_clothes to washing_machine,"Since cloth_napkin from kitchen_cabinet to basket_for_clothes
"
3,19,tensor([570.]),"tensor([[[0., 0., 0.,  ..., 0., 0., 0.],
         [1., 0., 0.,  ..., 0., 0., 0.],
         [1., 0., 0.,  ..., 0., 0., 0.],
         ...,
         [0., 0., 0.,  ..., 0., 0., 0.],
         [0., 0., 0.,  ..., 0., 0., 0.],
         [0., 0., 0.,  ..., 0., 0., 0.]]])",laundry_detergent from washing_machine to kitchen_cabinet,
3,26,tensor([640.]),"tensor([[[0., 0., 0.,  ..., 0., 0., 0.],
         [1., 0., 0.,  ..., 0., 0., 0.],
         [1., 0., 0.,  ..., 0., 0., 0.],
         ...,
         [0., 0., 0.,  ..., 0., 0., 0.],
         [0., 0., 0.,  ..., 0., 0., 0.],
         [0., 0., 0.,  ..., 0., 0., 0.]]])",headset from table to desk,
3,27,tensor([650.]),"tensor([[[0., 0., 0.,  ..., 0., 0., 0.],
         [1., 0., 0.,  ..., 0., 0., 0.],
         [1., 0., 0.,  ..., 0., 0., 0.],
         ...,
         [0., 0., 0.,  ..., 0., 0., 0.],
         [0., 0., 0.,  ..., 0., 0., 0.],
         [0., 0., 0.,  ..., 0., 0., 0.]]])",headset from table to desk,
3,41,tensor([790.]),"tensor([[[0., 0., 0.,  ..., 0., 0., 0.],
         [1., 0., 0.,  ..., 0., 0., 0.],
         [1., 0., 0.,  ..., 0., 0., 0.],
         ...,
         [0., 0., 0.,  ..., 0., 0., 0.],
         [0., 0., 0.,  ..., 0., 0., 0.],
         [0., 0., 0.,  ..., 0., 0., 0.]]])",coffee_cup from dishwasher to cupboard,
3,41,tensor([790.]),"tensor([[[0., 0., 0.,  ..., 0., 0., 0.],
         [1., 0., 0.,  ..., 0., 0., 0.],
         [1., 0., 0.,  ..., 0., 0., 0.],
         ...,
         [0., 0., 0.,  ..., 0., 0., 0.],
         [0., 0., 0.,  ..., 0., 0., 0.],
         [0., 0., 0.,  ..., 0., 0., 0.]]])",mug from dishwasher to cupboard,
3,41,tensor([790.]),"tensor([[[0., 0., 0.,  ..., 0., 0., 0.],
         [1., 0., 0.,  ..., 0., 0., 0.],
         [1., 0., 0.,  ..., 0., 0., 0.],
         ...,
         [0., 0., 0.,  ..., 0., 0., 0.],
         [0., 0., 0.,  ..., 0., 0., 0.],
         [0., 0., 0.,  ..., 0., 0., 0.]]])",plate from dishwasher to cupboard,
3,42,tensor([800.]),"tensor([[[0., 0., 0.,  ..., 0., 0., 0.],
         [1., 0., 0.,  ..., 0., 0., 0.],
         [1., 0., 0.,  ..., 0., 0., 0.],
         ...,
         [0., 0., 0.,  ..., 0., 0., 0.],
         [0., 0., 0.,  ..., 0., 0., 0.],
         [0., 0., 0.,  ..., 0., 0., 0.]]])",mug from dishwasher to cupboard,"Since shoes from shoe_rack to dining_room
"
3,44,tensor([820.]),"tensor([[[0., 0., 0.,  ..., 0., 0., 0.],
         [1., 0., 0.,  ..., 0., 0., 0.],
         [1., 0., 0.,  ..., 0., 0., 0.],
         ...,
         [0., 0., 0.,  ..., 0., 0., 0.],
         [0., 0., 0.,  ..., 0., 0., 0.],
         [0., 0., 0.,  ..., 0., 0., 0.]]])",mug from dishwasher to cupboard,"Since shoes from shoe_rack to dining_room
"
3,60,tensor([980.]),"tensor([[[0., 0., 0.,  ..., 0., 0., 0.],
         [1., 0., 0.,  ..., 0., 0., 0.],
         [1., 0., 0.,  ..., 0., 0., 0.],
         ...,
         [0., 0., 0.,  ..., 0., 0., 0.],
         [0., 0., 0.,  ..., 0., 0., 0.],
         [0., 0., 0.,  ..., 0., 0., 0.]]])",cd from cd_player to table,"Since mail from outside to bench
Since headset from table to desk
Since cd from tvstand to cd_player
"
3,92,tensor([1300.]),"tensor([[[0., 0., 0.,  ..., 0., 0., 0.],
         [1., 0., 0.,  ..., 0., 0., 0.],
         [1., 0., 0.,  ..., 0., 0., 0.],
         ...,
         [0., 0., 0.,  ..., 0., 0., 0.],
         [0., 0., 0.,  ..., 0., 0., 0.],
         [0., 0., 0.,  ..., 0., 0., 0.]]])",deck_of_cards from bookshelf to table,"Since chessboard from bookshelf to table
"
3,92,tensor([1300.]),"tensor([[[0., 0., 0.,  ..., 0., 0., 0.],
         [1., 0., 0.,  ..., 0., 0., 0.],
         [1., 0., 0.,  ..., 0., 0., 0.],
         ...,
         [0., 0., 0.,  ..., 0., 0., 0.],
         [0., 0., 0.,  ..., 0., 0., 0.],
         [0., 0., 0.,  ..., 0., 0., 0.]]])",wine_glass from cupboard to table,"Since chessboard from bookshelf to table
"
3,93,tensor([1310.]),"tensor([[[0., 0., 0.,  ..., 0., 0., 0.],
         [1., 0., 0.,  ..., 0., 0., 0.],
         [1., 0., 0.,  ..., 0., 0., 0.],
         ...,
         [0., 0., 0.,  ..., 0., 0., 0.],
         [0., 0., 0.,  ..., 0., 0., 0.],
         [0., 0., 0.,  ..., 0., 0., 0.]]])",wine_glass from cupboard to table,
3,95,tensor([1330.]),"tensor([[[0., 0., 0.,  ..., 0., 0., 0.],
         [1., 0., 0.,  ..., 0., 0., 0.],
         [1., 0., 0.,  ..., 0., 0., 0.],
         ...,
         [0., 0., 0.,  ..., 0., 0., 0.],
         [0., 0., 0.,  ..., 0., 0., 0.],
         [0., 0., 0.,  ..., 0., 0., 0.]]])",chessboard from table to bookshelf,"Since deck_of_cards from bookshelf to table
Since wine_glass from cupboard to table
"
3,96,tensor([1340.]),"tensor([[[0., 0., 0.,  ..., 0., 0., 0.],
         [1., 0., 0.,  ..., 0., 0., 0.],
         [1., 0., 0.,  ..., 0., 0., 0.],
         ...,
         [0., 0., 0.,  ..., 0., 0., 0.],
         [0., 0., 0.,  ..., 0., 0., 0.],
         [0., 0., 0.,  ..., 0., 0., 0.]]])",chessboard from table to bookshelf,"Since deck_of_cards from bookshelf to table
Since wine_glass from cupboard to table
"
3,106,tensor([1440.]),"tensor([[[0., 0., 0.,  ..., 0., 0., 0.],
         [1., 0., 0.,  ..., 0., 0., 0.],
         [1., 0., 0.,  ..., 0., 0., 0.],
         ...,
         [0., 0., 0.,  ..., 0., 0., 0.],
         [0., 0., 0.,  ..., 0., 0., 0.],
         [0., 0., 0.,  ..., 0., 0., 0.]]])",deck_of_cards from table to bookshelf,"Since chessboard from table to bookshelf
Since wine_glass from cupboard to table
"
8,1,tensor([390.]),"tensor([[[0., 0., 0.,  ..., 0., 0., 0.],
         [1., 0., 0.,  ..., 0., 0., 0.],
         [1., 0., 0.,  ..., 0., 0., 0.],
         ...,
         [0., 0., 0.,  ..., 0., 0., 0.],
         [0., 0., 0.,  ..., 0., 0., 0.],
         [0., 0., 0.,  ..., 0., 0., 0.]]])",spectacles from bathroom to dining_room,"Since spectacles from bathroom_counter to bathroom
"
8,18,tensor([560.]),"tensor([[[0., 0., 0.,  ..., 0., 0., 0.],
         [1., 0., 0.,  ..., 0., 0., 0.],
         [1., 0., 0.,  ..., 0., 0., 0.],
         ...,
         [0., 0., 0.,  ..., 0., 0., 0.],
         [0., 0., 0.,  ..., 0., 0., 0.],
         [0., 0., 0.,  ..., 0., 0., 0.]]])",spectacles from dining_room to bedroom,"Since spectacles from bathroom to dining_room
Since shoes from shoe_rack to dining_room
"
8,21,tensor([590.]),"tensor([[[0., 0., 0.,  ..., 0., 0., 0.],
         [1., 0., 0.,  ..., 0., 0., 0.],
         [1., 0., 0.,  ..., 0., 0., 0.],
         ...,
         [0., 0., 0.,  ..., 0., 0., 0.],
         [0., 0., 0.,  ..., 0., 0., 0.],
         [0., 0., 0.,  ..., 0., 0., 0.]]])",spectacles from dining_room to bedroom,"Since spectacles from bathroom to dining_room
Since shoes from shoe_rack to dining_room
"
8,26,tensor([640.]),"tensor([[[0., 0., 0.,  ..., 0., 0., 0.],
         [1., 0., 0.,  ..., 0., 0., 0.],
         [1., 0., 0.,  ..., 0., 0., 0.],
         ...,
         [0., 0., 0.,  ..., 0., 0., 0.],
         [0., 0., 0.,  ..., 0., 0., 0.],
         [0., 0., 0.,  ..., 0., 0., 0.]]])",headset from table to desk,
8,27,tensor([650.]),"tensor([[[0., 0., 0.,  ..., 0., 0., 0.],
         [1., 0., 0.,  ..., 0., 0., 0.],
         [1., 0., 0.,  ..., 0., 0., 0.],
         ...,
         [0., 0., 0.,  ..., 0., 0., 0.],
         [0., 0., 0.,  ..., 0., 0., 0.],
         [0., 0., 0.,  ..., 0., 0., 0.]]])",headset from table to desk,
8,44,tensor([820.]),"tensor([[[0., 0., 0.,  ..., 0., 0., 0.],
         [1., 0., 0.,  ..., 0., 0., 0.],
         [1., 0., 0.,  ..., 0., 0., 0.],
         ...,
         [0., 0., 0.,  ..., 0., 0., 0.],
         [0., 0., 0.,  ..., 0., 0., 0.],
         [0., 0., 0.,  ..., 0., 0., 0.]]])",headset from table to desk,
8,45,tensor([830.]),"tensor([[[0., 0., 0.,  ..., 0., 0., 0.],
         [1., 0., 0.,  ..., 0., 0., 0.],
         [1., 0., 0.,  ..., 0., 0., 0.],
         ...,
         [0., 0., 0.,  ..., 0., 0., 0.],
         [0., 0., 0.,  ..., 0., 0., 0.],
         [0., 0., 0.,  ..., 0., 0., 0.]]])",headset from table to desk,
8,47,tensor([850.]),"tensor([[[0., 0., 0.,  ..., 0., 0., 0.],
         [1., 0., 0.,  ..., 0., 0., 0.],
         [1., 0., 0.,  ..., 0., 0., 0.],
         ...,
         [0., 0., 0.,  ..., 0., 0., 0.],
         [0., 0., 0.,  ..., 0., 0., 0.],
         [0., 0., 0.,  ..., 0., 0., 0.]]])",mail from outside to bench,"Since bag from dresser to bench
Since keys from table to bag
"
8,47,tensor([850.]),"tensor([[[0., 0., 0.,  ..., 0., 0., 0.],
         [1., 0., 0.,  ..., 0., 0., 0.],
         [1., 0., 0.,  ..., 0., 0., 0.],
         ...,
         [0., 0., 0.,  ..., 0., 0., 0.],
         [0., 0., 0.,  ..., 0., 0., 0.],
         [0., 0., 0.,  ..., 0., 0., 0.]]])",headset from table to desk,
8,50,tensor([880.]),"tensor([[[0., 0., 0.,  ..., 0., 0., 0.],
         [1., 0., 0.,  ..., 0., 0., 0.],
         [1., 0., 0.,  ..., 0., 0., 0.],
         ...,
         [0., 0., 0.,  ..., 0., 0., 0.],
         [0., 0., 0.,  ..., 0., 0., 0.],
         [0., 0., 0.,  ..., 0., 0., 0.]]])",headset from table to desk,
8,60,tensor([980.]),"tensor([[[0., 0., 0.,  ..., 0., 0., 0.],
         [1., 0., 0.,  ..., 0., 0., 0.],
         [1., 0., 0.,  ..., 0., 0., 0.],
         ...,
         [0., 0., 0.,  ..., 0., 0., 0.],
         [0., 0., 0.,  ..., 0., 0., 0.],
         [0., 0., 0.,  ..., 0., 0., 0.]]])",cd from cd_player to table,"Since mail from outside to bench
Since headset from table to desk
Since cd from tvstand to cd_player
"
8,65,tensor([1030.]),"tensor([[[0., 0., 0.,  ..., 0., 0., 0.],
         [1., 0., 0.,  ..., 0., 0., 0.],
         [1., 0., 0.,  ..., 0., 0., 0.],
         ...,
         [0., 0., 0.,  ..., 0., 0., 0.],
         [0., 0., 0.,  ..., 0., 0., 0.],
         [0., 0., 0.,  ..., 0., 0., 0.]]])",cd from cd_player to table,"Since cd from tvstand to cd_player
"
8,66,tensor([1040.]),"tensor([[[0., 0., 0.,  ..., 0., 0., 0.],
         [1., 0., 0.,  ..., 0., 0., 0.],
         [1., 0., 0.,  ..., 0., 0., 0.],
         ...,
         [0., 0., 0.,  ..., 0., 0., 0.],
         [0., 0., 0.,  ..., 0., 0., 0.],
         [0., 0., 0.,  ..., 0., 0., 0.]]])",cd from cd_player to table,"Since mail from outside to bench
Since cd from tvstand to cd_player
"
6,4,tensor([420.]),"tensor([[[0., 0., 0.,  ..., 0., 0., 0.],
         [1., 0., 0.,  ..., 0., 0., 0.],
         [1., 0., 0.,  ..., 0., 0., 0.],
         ...,
         [0., 0., 0.,  ..., 0., 0., 0.],
         [0., 0., 0.,  ..., 0., 0., 0.],
         [0., 0., 0.,  ..., 0., 0., 0.]]])",hairbrush from bathroom_counter to bathroom_cabinet,"Since hairdryer from bathroom_cabinet to bathroom_counter
Since towel from bathroom_counter to towel_rack
"
6,4,tensor([420.]),"tensor([[[0., 0., 0.,  ..., 0., 0., 0.],
         [1., 0., 0.,  ..., 0., 0., 0.],
         [1., 0., 0.,  ..., 0., 0., 0.],
         ...,
         [0., 0., 0.,  ..., 0., 0., 0.],
         [0., 0., 0.,  ..., 0., 0., 0.],
         [0., 0., 0.,  ..., 0., 0., 0.]]])",hairdryer from bathroom_counter to bathroom_cabinet,"Since hairbrush from bathroom_cabinet to bathroom_counter
Since towel from bathroom_counter to towel_rack
"
6,5,tensor([430.]),"tensor([[[0., 0., 0.,  ..., 0., 0., 0.],
         [1., 0., 0.,  ..., 0., 0., 0.],
         [1., 0., 0.,  ..., 0., 0., 0.],
         ...,
         [0., 0., 0.,  ..., 0., 0., 0.],
         [0., 0., 0.,  ..., 0., 0., 0.],
         [0., 0., 0.,  ..., 0., 0., 0.]]])",hairbrush from bathroom_counter to bathroom_cabinet,"Since hairdryer from bathroom_cabinet to bathroom_counter
Since towel from bathroom_counter to towel_rack
"
6,5,tensor([430.]),"tensor([[[0., 0., 0.,  ..., 0., 0., 0.],
         [1., 0., 0.,  ..., 0., 0., 0.],
         [1., 0., 0.,  ..., 0., 0., 0.],
         ...,
         [0., 0., 0.,  ..., 0., 0., 0.],
         [0., 0., 0.,  ..., 0., 0., 0.],
         [0., 0., 0.,  ..., 0., 0., 0.]]])",hairdryer from bathroom_counter to bathroom_cabinet,"Since hairbrush from bathroom_cabinet to bathroom_counter
Since towel from bathroom_counter to towel_rack
"
6,9,tensor([470.]),"tensor([[[0., 0., 0.,  ..., 0., 0., 0.],
         [1., 0., 0.,  ..., 0., 0., 0.],
         [1., 0., 0.,  ..., 0., 0., 0.],
         ...,
         [0., 0., 0.,  ..., 0., 0., 0.],
         [0., 0., 0.,  ..., 0., 0., 0.],
         [0., 0., 0.,  ..., 0., 0., 0.]]])",vacuum_cleaner from bedroom to bookshelf,"Since vacuum_cleaner from kitchen_cabinet to bedroom
"
6,10,tensor([480.]),"tensor([[[0., 0., 0.,  ..., 0., 0., 0.],
         [1., 0., 0.,  ..., 0., 0., 0.],
         [1., 0., 0.,  ..., 0., 0., 0.],
         ...,
         [0., 0., 0.,  ..., 0., 0., 0.],
         [0., 0., 0.,  ..., 0., 0., 0.],
         [0., 0., 0.,  ..., 0., 0., 0.]]])",vacuum_cleaner from home_office to dining_room,"Since vacuum_cleaner from bedroom to home_office
"
6,12,tensor([500.]),"tensor([[[0., 0., 0.,  ..., 0., 0., 0.],
         [1., 0., 0.,  ..., 0., 0., 0.],
         [1., 0., 0.,  ..., 0., 0., 0.],
         ...,
         [0., 0., 0.,  ..., 0., 0., 0.],
         [0., 0., 0.,  ..., 0., 0., 0.],
         [0., 0., 0.,  ..., 0., 0., 0.]]])",spectacles from bedroom to dining_room,"Since spectacles from bathroom_counter to bedroom
"
6,18,tensor([560.]),"tensor([[[0., 0., 0.,  ..., 0., 0., 0.],
         [1., 0., 0.,  ..., 0., 0., 0.],
         [1., 0., 0.,  ..., 0., 0., 0.],
         ...,
         [0., 0., 0.,  ..., 0., 0., 0.],
         [0., 0., 0.,  ..., 0., 0., 0.],
         [0., 0., 0.,  ..., 0., 0., 0.]]])",spectacles from dining_room to bedroom,"Since shoes from shoe_rack to dining_room
"
6,26,tensor([640.]),"tensor([[[0., 0., 0.,  ..., 0., 0., 0.],
         [1., 0., 0.,  ..., 0., 0., 0.],
         [1., 0., 0.,  ..., 0., 0., 0.],
         ...,
         [0., 0., 0.,  ..., 0., 0., 0.],
         [0., 0., 0.,  ..., 0., 0., 0.],
         [0., 0., 0.,  ..., 0., 0., 0.]]])",headset from table to desk,
6,27,tensor([650.]),"tensor([[[0., 0., 0.,  ..., 0., 0., 0.],
         [1., 0., 0.,  ..., 0., 0., 0.],
         [1., 0., 0.,  ..., 0., 0., 0.],
         ...,
         [0., 0., 0.,  ..., 0., 0., 0.],
         [0., 0., 0.,  ..., 0., 0., 0.],
         [0., 0., 0.,  ..., 0., 0., 0.]]])",headset from table to desk,
6,57,tensor([950.]),"tensor([[[0., 0., 0.,  ..., 0., 0., 0.],
         [1., 0., 0.,  ..., 0., 0., 0.],
         [1., 0., 0.,  ..., 0., 0., 0.],
         ...,
         [0., 0., 0.,  ..., 0., 0., 0.],
         [0., 0., 0.,  ..., 0., 0., 0.],
         [0., 0., 0.,  ..., 0., 0., 0.]]])",drinking_glass from kitchen_counter to cupboard,
6,58,tensor([960.]),"tensor([[[0., 0., 0.,  ..., 0., 0., 0.],
         [1., 0., 0.,  ..., 0., 0., 0.],
         [1., 0., 0.,  ..., 0., 0., 0.],
         ...,
         [0., 0., 0.,  ..., 0., 0., 0.],
         [0., 0., 0.,  ..., 0., 0., 0.],
         [0., 0., 0.,  ..., 0., 0., 0.]]])",drinking_glass from kitchen_counter to cupboard,
6,66,tensor([1040.]),"tensor([[[0., 0., 0.,  ..., 0., 0., 0.],
         [1., 0., 0.,  ..., 0., 0., 0.],
         [1., 0., 0.,  ..., 0., 0., 0.],
         ...,
         [0., 0., 0.,  ..., 0., 0., 0.],
         [0., 0., 0.,  ..., 0., 0., 0.],
         [0., 0., 0.,  ..., 0., 0., 0.]]])",plate from kitchen_counter to table,"Since plate from cupboard to kitchen_counter
"
6,67,tensor([1050.]),"tensor([[[0., 0., 0.,  ..., 0., 0., 0.],
         [1., 0., 0.,  ..., 0., 0., 0.],
         [1., 0., 0.,  ..., 0., 0., 0.],
         ...,
         [0., 0., 0.,  ..., 0., 0., 0.],
         [0., 0., 0.,  ..., 0., 0., 0.],
         [0., 0., 0.,  ..., 0., 0., 0.]]])",cookingpot from kitchen_counter to stove,"Since cookingpot from cupboard to kitchen_counter
"
6,67,tensor([1050.]),"tensor([[[0., 0., 0.,  ..., 0., 0., 0.],
         [1., 0., 0.,  ..., 0., 0., 0.],
         [1., 0., 0.,  ..., 0., 0., 0.],
         ...,
         [0., 0., 0.,  ..., 0., 0., 0.],
         [0., 0., 0.,  ..., 0., 0., 0.],
         [0., 0., 0.,  ..., 0., 0., 0.]]])",food_rice from kitchen_counter to cookingpot,"Since cookingpot from cupboard to kitchen_counter
Since food_rice from cupboard to kitchen_counter
"
6,67,tensor([1050.]),"tensor([[[0., 0., 0.,  ..., 0., 0., 0.],
         [1., 0., 0.,  ..., 0., 0., 0.],
         [1., 0., 0.,  ..., 0., 0., 0.],
         ...,
         [0., 0., 0.,  ..., 0., 0., 0.],
         [0., 0., 0.,  ..., 0., 0., 0.],
         [0., 0., 0.,  ..., 0., 0., 0.]]])",food_vegetable from kitchen_counter to cookingpot,"Since cookingpot from cupboard to kitchen_counter
Since food_vegetable from fridge to kitchen_counter
"
6,67,tensor([1050.]),"tensor([[[0., 0., 0.,  ..., 0., 0., 0.],
         [1., 0., 0.,  ..., 0., 0., 0.],
         [1., 0., 0.,  ..., 0., 0., 0.],
         ...,
         [0., 0., 0.,  ..., 0., 0., 0.],
         [0., 0., 0.,  ..., 0., 0., 0.],
         [0., 0., 0.,  ..., 0., 0., 0.]]])",oil from kitchen_counter to cookingpot,"Since oil from cupboard to kitchen_counter
Since cookingpot from cupboard to kitchen_counter
"
6,67,tensor([1050.]),"tensor([[[0., 0., 0.,  ..., 0., 0., 0.],
         [1., 0., 0.,  ..., 0., 0., 0.],
         [1., 0., 0.,  ..., 0., 0., 0.],
         ...,
         [0., 0., 0.,  ..., 0., 0., 0.],
         [0., 0., 0.,  ..., 0., 0., 0.],
         [0., 0., 0.,  ..., 0., 0., 0.]]])",plate from kitchen_counter to table,"Since plate from cupboard to kitchen_counter
"
6,68,tensor([1060.]),"tensor([[[0., 0., 0.,  ..., 0., 0., 0.],
         [1., 0., 0.,  ..., 0., 0., 0.],
         [1., 0., 0.,  ..., 0., 0., 0.],
         ...,
         [0., 0., 0.,  ..., 0., 0., 0.],
         [0., 0., 0.,  ..., 0., 0., 0.],
         [0., 0., 0.,  ..., 0., 0., 0.]]])",cookingpot from stove to table,"Since cookingpot from kitchen_counter to stove
"
6,71,tensor([1090.]),"tensor([[[0., 0., 0.,  ..., 0., 0., 0.],
         [1., 0., 0.,  ..., 0., 0., 0.],
         [1., 0., 0.,  ..., 0., 0., 0.],
         ...,
         [0., 0., 0.,  ..., 0., 0., 0.],
         [0., 0., 0.,  ..., 0., 0., 0.],
         [0., 0., 0.,  ..., 0., 0., 0.]]])",food_rice from cookingpot to sink,"Since mail from outside to bench
Since plate from table to sink
Since cookingpot from table to sink
Since food_rice from kitchen_counter to cookingpot
Since spoon from plate to sink
"
6,75,tensor([1130.]),"tensor([[[0., 0., 0.,  ..., 0., 0., 0.],
         [1., 0., 0.,  ..., 0., 0., 0.],
         [1., 0., 0.,  ..., 0., 0., 0.],
         ...,
         [0., 0., 0.,  ..., 0., 0., 0.],
         [0., 0., 0.,  ..., 0., 0., 0.],
         [0., 0., 0.,  ..., 0., 0., 0.]]])",spoon from sink to cupboard,"Since shoes from shoe_rack to dining_room
Since plate from sink to cupboard
"
6,76,tensor([1140.]),"tensor([[[0., 0., 0.,  ..., 0., 0., 0.],
         [1., 0., 0.,  ..., 0., 0., 0.],
         [1., 0., 0.,  ..., 0., 0., 0.],
         ...,
         [0., 0., 0.,  ..., 0., 0., 0.],
         [0., 0., 0.,  ..., 0., 0., 0.],
         [0., 0., 0.,  ..., 0., 0., 0.]]])",cookingpot from sink to cupboard,"Since plate from sink to cupboard
Since cookingpot from table to sink
Since spoon from sink to cupboard
"
6,81,tensor([1190.]),"tensor([[[0., 0., 0.,  ..., 0., 0., 0.],
         [1., 0., 0.,  ..., 0., 0., 0.],
         [1., 0., 0.,  ..., 0., 0., 0.],
         ...,
         [0., 0., 0.,  ..., 0., 0., 0.],
         [0., 0., 0.,  ..., 0., 0., 0.],
         [0., 0., 0.,  ..., 0., 0., 0.]]])",cd from tvstand to table,"Since chessboard from bookshelf to table
"
6,81,tensor([1190.]),"tensor([[[0., 0., 0.,  ..., 0., 0., 0.],
         [1., 0., 0.,  ..., 0., 0., 0.],
         [1., 0., 0.,  ..., 0., 0., 0.],
         ...,
         [0., 0., 0.,  ..., 0., 0., 0.],
         [0., 0., 0.,  ..., 0., 0., 0.],
         [0., 0., 0.,  ..., 0., 0., 0.]]])",deck_of_cards from bookshelf to table,"Since chessboard from bookshelf to table
"
6,81,tensor([1190.]),"tensor([[[0., 0., 0.,  ..., 0., 0., 0.],
         [1., 0., 0.,  ..., 0., 0., 0.],
         [1., 0., 0.,  ..., 0., 0., 0.],
         ...,
         [0., 0., 0.,  ..., 0., 0., 0.],
         [0., 0., 0.,  ..., 0., 0., 0.],
         [0., 0., 0.,  ..., 0., 0., 0.]]])",wine_glass from cupboard to table,"Since chessboard from bookshelf to table
"
6,82,tensor([1200.]),"tensor([[[0., 0., 0.,  ..., 0., 0., 0.],
         [1., 0., 0.,  ..., 0., 0., 0.],
         [1., 0., 0.,  ..., 0., 0., 0.],
         ...,
         [0., 0., 0.,  ..., 0., 0., 0.],
         [0., 0., 0.,  ..., 0., 0., 0.],
         [0., 0., 0.,  ..., 0., 0., 0.]]])",cd from tvstand to table,"Since chessboard from bookshelf to table
Since deck_of_cards from bookshelf to table
"
6,82,tensor([1200.]),"tensor([[[0., 0., 0.,  ..., 0., 0., 0.],
         [1., 0., 0.,  ..., 0., 0., 0.],
         [1., 0., 0.,  ..., 0., 0., 0.],
         ...,
         [0., 0., 0.,  ..., 0., 0., 0.],
         [0., 0., 0.,  ..., 0., 0., 0.],
         [0., 0., 0.,  ..., 0., 0., 0.]]])",wine_glass from cupboard to table,
6,83,tensor([1210.]),"tensor([[[0., 0., 0.,  ..., 0., 0., 0.],
         [1., 0., 0.,  ..., 0., 0., 0.],
         [1., 0., 0.,  ..., 0., 0., 0.],
         ...,
         [0., 0., 0.,  ..., 0., 0., 0.],
         [0., 0., 0.,  ..., 0., 0., 0.],
         [0., 0., 0.,  ..., 0., 0., 0.]]])",cd from tvstand to table,"Since chessboard from bookshelf to table
Since deck_of_cards from bookshelf to table
"
6,83,tensor([1210.]),"tensor([[[0., 0., 0.,  ..., 0., 0., 0.],
         [1., 0., 0.,  ..., 0., 0., 0.],
         [1., 0., 0.,  ..., 0., 0., 0.],
         ...,
         [0., 0., 0.,  ..., 0., 0., 0.],
         [0., 0., 0.,  ..., 0., 0., 0.],
         [0., 0., 0.,  ..., 0., 0., 0.]]])",wine_glass from cupboard to table,
6,94,tensor([1320.]),"tensor([[[0., 0., 0.,  ..., 0., 0., 0.],
         [1., 0., 0.,  ..., 0., 0., 0.],
         [1., 0., 0.,  ..., 0., 0., 0.],
         ...,
         [0., 0., 0.,  ..., 0., 0., 0.],
         [0., 0., 0.,  ..., 0., 0., 0.],
         [0., 0., 0.,  ..., 0., 0., 0.]]])",chessboard from table to bookshelf,"Since mail from outside to bench
Since oil from kitchen_counter to cookingpot
Since food_rice from kitchen_counter to cookingpot
Since deck_of_cards from bookshelf to table
Since wine_glass from cupboard to table
"
6,95,tensor([1330.]),"tensor([[[0., 0., 0.,  ..., 0., 0., 0.],
         [1., 0., 0.,  ..., 0., 0., 0.],
         [1., 0., 0.,  ..., 0., 0., 0.],
         ...,
         [0., 0., 0.,  ..., 0., 0., 0.],
         [0., 0., 0.,  ..., 0., 0., 0.],
         [0., 0., 0.,  ..., 0., 0., 0.]]])",cd from tvstand to cd_player,
6,95,tensor([1330.]),"tensor([[[0., 0., 0.,  ..., 0., 0., 0.],
         [1., 0., 0.,  ..., 0., 0., 0.],
         [1., 0., 0.,  ..., 0., 0., 0.],
         ...,
         [0., 0., 0.,  ..., 0., 0., 0.],
         [0., 0., 0.,  ..., 0., 0., 0.],
         [0., 0., 0.,  ..., 0., 0., 0.]]])",chessboard from table to bookshelf,"Since deck_of_cards from bookshelf to table
Since wine_glass from cupboard to table
"
6,96,tensor([1340.]),"tensor([[[0., 0., 0.,  ..., 0., 0., 0.],
         [1., 0., 0.,  ..., 0., 0., 0.],
         [1., 0., 0.,  ..., 0., 0., 0.],
         ...,
         [0., 0., 0.,  ..., 0., 0., 0.],
         [0., 0., 0.,  ..., 0., 0., 0.],
         [0., 0., 0.,  ..., 0., 0., 0.]]])",cd from tvstand to cd_player,"Since wine_glass from cupboard to table
"
6,96,tensor([1340.]),"tensor([[[0., 0., 0.,  ..., 0., 0., 0.],
         [1., 0., 0.,  ..., 0., 0., 0.],
         [1., 0., 0.,  ..., 0., 0., 0.],
         ...,
         [0., 0., 0.,  ..., 0., 0., 0.],
         [0., 0., 0.,  ..., 0., 0., 0.],
         [0., 0., 0.,  ..., 0., 0., 0.]]])",chessboard from table to bookshelf,"Since deck_of_cards from bookshelf to table
Since wine_glass from cupboard to table
"
6,102,tensor([1400.]),"tensor([[[0., 0., 0.,  ..., 0., 0., 0.],
         [1., 0., 0.,  ..., 0., 0., 0.],
         [1., 0., 0.,  ..., 0., 0., 0.],
         ...,
         [0., 0., 0.,  ..., 0., 0., 0.],
         [0., 0., 0.,  ..., 0., 0., 0.],
         [0., 0., 0.,  ..., 0., 0., 0.]]])",deck_of_cards from table to bookshelf,"Since chessboard from table to bookshelf
Since wine_glass from cupboard to table
"
2,2,tensor([410.]),"tensor([[[0., 0., 0.,  ..., 0., 0., 0.],
         [1., 0., 0.,  ..., 0., 0., 0.],
         [1., 0., 0.,  ..., 0., 0., 0.],
         ...,
         [0., 0., 0.,  ..., 0., 0., 0.],
         [0., 0., 0.,  ..., 0., 0., 0.],
         [0., 0., 0.,  ..., 0., 0., 0.]]])",spectacles from bedroom to dining_room,"Since spectacles from bathroom_counter to bedroom
"
2,17,tensor([560.]),"tensor([[[0., 0., 0.,  ..., 0., 0., 0.],
         [1., 0., 0.,  ..., 0., 0., 0.],
         [1., 0., 0.,  ..., 0., 0., 0.],
         ...,
         [0., 0., 0.,  ..., 0., 0., 0.],
         [0., 0., 0.,  ..., 0., 0., 0.],
         [0., 0., 0.,  ..., 0., 0., 0.]]])",spectacles from dining_room to bedroom,"Since shoes from shoe_rack to dining_room
"
2,18,tensor([570.]),"tensor([[[0., 0., 0.,  ..., 0., 0., 0.],
         [1., 0., 0.,  ..., 0., 0., 0.],
         [1., 0., 0.,  ..., 0., 0., 0.],
         ...,
         [0., 0., 0.,  ..., 0., 0., 0.],
         [0., 0., 0.,  ..., 0., 0., 0.],
         [0., 0., 0.,  ..., 0., 0., 0.]]])",shoes from outside to dining_room,
2,18,tensor([570.]),"tensor([[[0., 0., 0.,  ..., 0., 0., 0.],
         [1., 0., 0.,  ..., 0., 0., 0.],
         [1., 0., 0.,  ..., 0., 0., 0.],
         ...,
         [0., 0., 0.,  ..., 0., 0., 0.],
         [0., 0., 0.,  ..., 0., 0., 0.],
         [0., 0., 0.,  ..., 0., 0., 0.]]])",spectacles from outside to bedroom,"Since spectacles from dining_room to outside
"
2,44,tensor([830.]),"tensor([[[0., 0., 0.,  ..., 0., 0., 0.],
         [1., 0., 0.,  ..., 0., 0., 0.],
         [1., 0., 0.,  ..., 0., 0., 0.],
         ...,
         [0., 0., 0.,  ..., 0., 0., 0.],
         [0., 0., 0.,  ..., 0., 0., 0.],
         [0., 0., 0.,  ..., 0., 0., 0.]]])",mug from dishwasher to cupboard,
2,45,tensor([840.]),"tensor([[[0., 0., 0.,  ..., 0., 0., 0.],
         [1., 0., 0.,  ..., 0., 0., 0.],
         [1., 0., 0.,  ..., 0., 0., 0.],
         ...,
         [0., 0., 0.,  ..., 0., 0., 0.],
         [0., 0., 0.,  ..., 0., 0., 0.],
         [0., 0., 0.,  ..., 0., 0., 0.]]])",mug from dishwasher to cupboard,
2,46,tensor([850.]),"tensor([[[0., 0., 0.,  ..., 0., 0., 0.],
         [1., 0., 0.,  ..., 0., 0., 0.],
         [1., 0., 0.,  ..., 0., 0., 0.],
         ...,
         [0., 0., 0.,  ..., 0., 0., 0.],
         [0., 0., 0.,  ..., 0., 0., 0.],
         [0., 0., 0.,  ..., 0., 0., 0.]]])",mug from dishwasher to cupboard,
2,47,tensor([860.]),"tensor([[[0., 0., 0.,  ..., 0., 0., 0.],
         [1., 0., 0.,  ..., 0., 0., 0.],
         [1., 0., 0.,  ..., 0., 0., 0.],
         ...,
         [0., 0., 0.,  ..., 0., 0., 0.],
         [0., 0., 0.,  ..., 0., 0., 0.],
         [0., 0., 0.,  ..., 0., 0., 0.]]])",mug from dishwasher to cupboard,
2,48,tensor([870.]),"tensor([[[0., 0., 0.,  ..., 0., 0., 0.],
         [1., 0., 0.,  ..., 0., 0., 0.],
         [1., 0., 0.,  ..., 0., 0., 0.],
         ...,
         [0., 0., 0.,  ..., 0., 0., 0.],
         [0., 0., 0.,  ..., 0., 0., 0.],
         [0., 0., 0.,  ..., 0., 0., 0.]]])",mug from dishwasher to cupboard,
2,49,tensor([880.]),"tensor([[[0., 0., 0.,  ..., 0., 0., 0.],
         [1., 0., 0.,  ..., 0., 0., 0.],
         [1., 0., 0.,  ..., 0., 0., 0.],
         ...,
         [0., 0., 0.,  ..., 0., 0., 0.],
         [0., 0., 0.,  ..., 0., 0., 0.],
         [0., 0., 0.,  ..., 0., 0., 0.]]])",mug from dishwasher to cupboard,
2,50,tensor([890.]),"tensor([[[0., 0., 0.,  ..., 0., 0., 0.],
         [1., 0., 0.,  ..., 0., 0., 0.],
         [1., 0., 0.,  ..., 0., 0., 0.],
         ...,
         [0., 0., 0.,  ..., 0., 0., 0.],
         [0., 0., 0.,  ..., 0., 0., 0.],
         [0., 0., 0.,  ..., 0., 0., 0.]]])",mug from dishwasher to cupboard,
2,51,tensor([900.]),"tensor([[[0., 0., 0.,  ..., 0., 0., 0.],
         [1., 0., 0.,  ..., 0., 0., 0.],
         [1., 0., 0.,  ..., 0., 0., 0.],
         ...,
         [0., 0., 0.,  ..., 0., 0., 0.],
         [0., 0., 0.,  ..., 0., 0., 0.],
         [0., 0., 0.,  ..., 0., 0., 0.]]])",mug from dishwasher to cupboard,
2,52,tensor([910.]),"tensor([[[0., 0., 0.,  ..., 0., 0., 0.],
         [1., 0., 0.,  ..., 0., 0., 0.],
         [1., 0., 0.,  ..., 0., 0., 0.],
         ...,
         [0., 0., 0.,  ..., 0., 0., 0.],
         [0., 0., 0.,  ..., 0., 0., 0.],
         [0., 0., 0.,  ..., 0., 0., 0.]]])",mug from dishwasher to cupboard,
2,53,tensor([920.]),"tensor([[[0., 0., 0.,  ..., 0., 0., 0.],
         [1., 0., 0.,  ..., 0., 0., 0.],
         [1., 0., 0.,  ..., 0., 0., 0.],
         ...,
         [0., 0., 0.,  ..., 0., 0., 0.],
         [0., 0., 0.,  ..., 0., 0., 0.],
         [0., 0., 0.,  ..., 0., 0., 0.]]])",mug from dishwasher to cupboard,
2,68,tensor([1070.]),"tensor([[[0., 0., 0.,  ..., 0., 0., 0.],
         [1., 0., 0.,  ..., 0., 0., 0.],
         [1., 0., 0.,  ..., 0., 0., 0.],
         ...,
         [0., 0., 0.,  ..., 0., 0., 0.],
         [0., 0., 0.,  ..., 0., 0., 0.],
         [0., 0., 0.,  ..., 0., 0., 0.]]])",wine_glass from cupboard to table,
2,69,tensor([1080.]),"tensor([[[0., 0., 0.,  ..., 0., 0., 0.],
         [1., 0., 0.,  ..., 0., 0., 0.],
         [1., 0., 0.,  ..., 0., 0., 0.],
         ...,
         [0., 0., 0.,  ..., 0., 0., 0.],
         [0., 0., 0.,  ..., 0., 0., 0.],
         [0., 0., 0.,  ..., 0., 0., 0.]]])",wine_glass from cupboard to table,"Since chessboard from bookshelf to table
Since deck_of_cards from bookshelf to table
"
0,9,tensor([470.]),"tensor([[[0., 0., 0.,  ..., 0., 0., 0.],
         [1., 0., 0.,  ..., 0., 0., 0.],
         [1., 0., 0.,  ..., 0., 0., 0.],
         ...,
         [0., 0., 0.,  ..., 0., 0., 0.],
         [0., 0., 0.,  ..., 0., 0., 0.],
         [0., 0., 0.,  ..., 0., 0., 0.]]])",hairbrush from bathroom_counter to bathroom_cabinet,"Since towel from bathroom_counter to towel_rack
Since hairdryer from bathroom_cabinet to bathroom_counter
"
0,15,tensor([530.]),"tensor([[[0., 0., 0.,  ..., 0., 0., 0.],
         [1., 0., 0.,  ..., 0., 0., 0.],
         [1., 0., 0.,  ..., 0., 0., 0.],
         ...,
         [0., 0., 0.,  ..., 0., 0., 0.],
         [0., 0., 0.,  ..., 0., 0., 0.],
         [0., 0., 0.,  ..., 0., 0., 0.]]])",deck_of_cards from bookshelf to table,"Since chessboard from bookshelf to table
"
0,15,tensor([530.]),"tensor([[[0., 0., 0.,  ..., 0., 0., 0.],
         [1., 0., 0.,  ..., 0., 0., 0.],
         [1., 0., 0.,  ..., 0., 0., 0.],
         ...,
         [0., 0., 0.,  ..., 0., 0., 0.],
         [0., 0., 0.,  ..., 0., 0., 0.],
         [0., 0., 0.,  ..., 0., 0., 0.]]])",wine_glass from cupboard to table,"Since chessboard from bookshelf to table
"
0,16,tensor([540.]),"tensor([[[0., 0., 0.,  ..., 0., 0., 0.],
         [1., 0., 0.,  ..., 0., 0., 0.],
         [1., 0., 0.,  ..., 0., 0., 0.],
         ...,
         [0., 0., 0.,  ..., 0., 0., 0.],
         [0., 0., 0.,  ..., 0., 0., 0.],
         [0., 0., 0.,  ..., 0., 0., 0.]]])",wine_glass from cupboard to table,"Since chessboard from bookshelf to table
Since deck_of_cards from bookshelf to table
"
0,26,tensor([640.]),"tensor([[[0., 0., 0.,  ..., 0., 0., 0.],
         [1., 0., 0.,  ..., 0., 0., 0.],
         [1., 0., 0.,  ..., 0., 0., 0.],
         ...,
         [0., 0., 0.,  ..., 0., 0., 0.],
         [0., 0., 0.,  ..., 0., 0., 0.],
         [0., 0., 0.,  ..., 0., 0., 0.]]])",headset from table to desk,
0,27,tensor([650.]),"tensor([[[0., 0., 0.,  ..., 0., 0., 0.],
         [1., 0., 0.,  ..., 0., 0., 0.],
         [1., 0., 0.,  ..., 0., 0., 0.],
         ...,
         [0., 0., 0.,  ..., 0., 0., 0.],
         [0., 0., 0.,  ..., 0., 0., 0.],
         [0., 0., 0.,  ..., 0., 0., 0.]]])",headset from table to desk,
0,57,tensor([950.]),"tensor([[[0., 0., 0.,  ..., 0., 0., 0.],
         [1., 0., 0.,  ..., 0., 0., 0.],
         [1., 0., 0.,  ..., 0., 0., 0.],
         ...,
         [0., 0., 0.,  ..., 0., 0., 0.],
         [0., 0., 0.,  ..., 0., 0., 0.],
         [0., 0., 0.,  ..., 0., 0., 0.]]])",drinking_glass from kitchen_counter to cupboard,
0,58,tensor([960.]),"tensor([[[0., 0., 0.,  ..., 0., 0., 0.],
         [1., 0., 0.,  ..., 0., 0., 0.],
         [1., 0., 0.,  ..., 0., 0., 0.],
         ...,
         [0., 0., 0.,  ..., 0., 0., 0.],
         [0., 0., 0.,  ..., 0., 0., 0.],
         [0., 0., 0.,  ..., 0., 0., 0.]]])",drinking_glass from kitchen_counter to cupboard,
0,77,tensor([1150.]),"tensor([[[0., 0., 0.,  ..., 0., 0., 0.],
         [1., 0., 0.,  ..., 0., 0., 0.],
         [1., 0., 0.,  ..., 0., 0., 0.],
         ...,
         [0., 0., 0.,  ..., 0., 0., 0.],
         [0., 0., 0.,  ..., 0., 0., 0.],
         [0., 0., 0.,  ..., 0., 0., 0.]]])",cd from cd_player to table,"Since headset from table to desk
Since cd from tvstand to cd_player
"
0,82,tensor([1200.]),"tensor([[[0., 0., 0.,  ..., 0., 0., 0.],
         [1., 0., 0.,  ..., 0., 0., 0.],
         [1., 0., 0.,  ..., 0., 0., 0.],
         ...,
         [0., 0., 0.,  ..., 0., 0., 0.],
         [0., 0., 0.,  ..., 0., 0., 0.],
         [0., 0., 0.,  ..., 0., 0., 0.]]])",coffee_cup from dishwasher to cupboard,
0,82,tensor([1200.]),"tensor([[[0., 0., 0.,  ..., 0., 0., 0.],
         [1., 0., 0.,  ..., 0., 0., 0.],
         [1., 0., 0.,  ..., 0., 0., 0.],
         ...,
         [0., 0., 0.,  ..., 0., 0., 0.],
         [0., 0., 0.,  ..., 0., 0., 0.],
         [0., 0., 0.,  ..., 0., 0., 0.]]])",mug from dishwasher to cupboard,
0,82,tensor([1200.]),"tensor([[[0., 0., 0.,  ..., 0., 0., 0.],
         [1., 0., 0.,  ..., 0., 0., 0.],
         [1., 0., 0.,  ..., 0., 0., 0.],
         ...,
         [0., 0., 0.,  ..., 0., 0., 0.],
         [0., 0., 0.,  ..., 0., 0., 0.],
         [0., 0., 0.,  ..., 0., 0., 0.]]])",plate from dishwasher to cupboard,
4,6,tensor([440.]),"tensor([[[0., 0., 0.,  ..., 0., 0., 0.],
         [1., 0., 0.,  ..., 0., 0., 0.],
         [1., 0., 0.,  ..., 0., 0., 0.],
         ...,
         [0., 0., 0.,  ..., 0., 0., 0.],
         [0., 0., 0.,  ..., 0., 0., 0.],
         [0., 0., 0.,  ..., 0., 0., 0.]]])",spectacles from bedroom to dining_room,"Since spectacles from bathroom_counter to bedroom
"
4,18,tensor([560.]),"tensor([[[0., 0., 0.,  ..., 0., 0., 0.],
         [1., 0., 0.,  ..., 0., 0., 0.],
         [1., 0., 0.,  ..., 0., 0., 0.],
         ...,
         [0., 0., 0.,  ..., 0., 0., 0.],
         [0., 0., 0.,  ..., 0., 0., 0.],
         [0., 0., 0.,  ..., 0., 0., 0.]]])",spectacles from dining_room to bedroom,"Since shoes from shoe_rack to dining_room
"
4,60,tensor([980.]),"tensor([[[0., 0., 0.,  ..., 0., 0., 0.],
         [1., 0., 0.,  ..., 0., 0., 0.],
         [1., 0., 0.,  ..., 0., 0., 0.],
         ...,
         [0., 0., 0.,  ..., 0., 0., 0.],
         [0., 0., 0.,  ..., 0., 0., 0.],
         [0., 0., 0.,  ..., 0., 0., 0.]]])",cd from cd_player to table,"Since mail from outside to bench
Since headset from table to desk
Since cd from tvstand to cd_player
"
4,65,tensor([1030.]),"tensor([[[0., 0., 0.,  ..., 0., 0., 0.],
         [1., 0., 0.,  ..., 0., 0., 0.],
         [1., 0., 0.,  ..., 0., 0., 0.],
         ...,
         [0., 0., 0.,  ..., 0., 0., 0.],
         [0., 0., 0.,  ..., 0., 0., 0.],
         [0., 0., 0.,  ..., 0., 0., 0.]]])",food_rice from cupboard to kitchen_counter,"Since oil from cupboard to kitchen_counter
Since plate from cupboard to kitchen_counter
"
4,65,tensor([1030.]),"tensor([[[0., 0., 0.,  ..., 0., 0., 0.],
         [1., 0., 0.,  ..., 0., 0., 0.],
         [1., 0., 0.,  ..., 0., 0., 0.],
         ...,
         [0., 0., 0.,  ..., 0., 0., 0.],
         [0., 0., 0.,  ..., 0., 0., 0.],
         [0., 0., 0.,  ..., 0., 0., 0.]]])",food_vegetable from fridge to kitchen_counter,"Since oil from cupboard to kitchen_counter
Since plate from cupboard to kitchen_counter
"
4,65,tensor([1030.]),"tensor([[[0., 0., 0.,  ..., 0., 0., 0.],
         [1., 0., 0.,  ..., 0., 0., 0.],
         [1., 0., 0.,  ..., 0., 0., 0.],
         ...,
         [0., 0., 0.,  ..., 0., 0., 0.],
         [0., 0., 0.,  ..., 0., 0., 0.],
         [0., 0., 0.,  ..., 0., 0., 0.]]])",plate from kitchen_counter to cupboard,"Since shoes from shoe_rack to dining_room
"
4,66,tensor([1040.]),"tensor([[[0., 0., 0.,  ..., 0., 0., 0.],
         [1., 0., 0.,  ..., 0., 0., 0.],
         [1., 0., 0.,  ..., 0., 0., 0.],
         ...,
         [0., 0., 0.,  ..., 0., 0., 0.],
         [0., 0., 0.,  ..., 0., 0., 0.],
         [0., 0., 0.,  ..., 0., 0., 0.]]])",cookingpot from kitchen_counter to stove,"Since oil from kitchen_counter to cookingpot
Since cookingpot from cupboard to kitchen_counter
"
4,66,tensor([1040.]),"tensor([[[0., 0., 0.,  ..., 0., 0., 0.],
         [1., 0., 0.,  ..., 0., 0., 0.],
         [1., 0., 0.,  ..., 0., 0., 0.],
         ...,
         [0., 0., 0.,  ..., 0., 0., 0.],
         [0., 0., 0.,  ..., 0., 0., 0.],
         [0., 0., 0.,  ..., 0., 0., 0.]]])",food_rice from kitchen_counter to cookingpot,"Since cookingpot from cupboard to kitchen_counter
Since food_rice from cupboard to kitchen_counter
"
4,66,tensor([1040.]),"tensor([[[0., 0., 0.,  ..., 0., 0., 0.],
         [1., 0., 0.,  ..., 0., 0., 0.],
         [1., 0., 0.,  ..., 0., 0., 0.],
         ...,
         [0., 0., 0.,  ..., 0., 0., 0.],
         [0., 0., 0.,  ..., 0., 0., 0.],
         [0., 0., 0.,  ..., 0., 0., 0.]]])",food_vegetable from kitchen_counter to cookingpot,"Since cookingpot from cupboard to kitchen_counter
Since food_vegetable from fridge to kitchen_counter
"
4,66,tensor([1040.]),"tensor([[[0., 0., 0.,  ..., 0., 0., 0.],
         [1., 0., 0.,  ..., 0., 0., 0.],
         [1., 0., 0.,  ..., 0., 0., 0.],
         ...,
         [0., 0., 0.,  ..., 0., 0., 0.],
         [0., 0., 0.,  ..., 0., 0., 0.],
         [0., 0., 0.,  ..., 0., 0., 0.]]])",plate from kitchen_counter to table,"Since plate from cupboard to kitchen_counter
"
4,67,tensor([1050.]),"tensor([[[0., 0., 0.,  ..., 0., 0., 0.],
         [1., 0., 0.,  ..., 0., 0., 0.],
         [1., 0., 0.,  ..., 0., 0., 0.],
         ...,
         [0., 0., 0.,  ..., 0., 0., 0.],
         [0., 0., 0.,  ..., 0., 0., 0.],
         [0., 0., 0.,  ..., 0., 0., 0.]]])",cookingpot from stove to table,"Since cookingpot from kitchen_counter to stove
"
4,67,tensor([1050.]),"tensor([[[0., 0., 0.,  ..., 0., 0., 0.],
         [1., 0., 0.,  ..., 0., 0., 0.],
         [1., 0., 0.,  ..., 0., 0., 0.],
         ...,
         [0., 0., 0.,  ..., 0., 0., 0.],
         [0., 0., 0.,  ..., 0., 0., 0.],
         [0., 0., 0.,  ..., 0., 0., 0.]]])",plate from kitchen_counter to table,"Since plate from cupboard to kitchen_counter
"
4,69,tensor([1070.]),"tensor([[[0., 0., 0.,  ..., 0., 0., 0.],
         [1., 0., 0.,  ..., 0., 0., 0.],
         [1., 0., 0.,  ..., 0., 0., 0.],
         ...,
         [0., 0., 0.,  ..., 0., 0., 0.],
         [0., 0., 0.,  ..., 0., 0., 0.],
         [0., 0., 0.,  ..., 0., 0., 0.]]])",cookingpot from table to sink,"Since plate from table to sink
Since cookingpot from stove to table
"
4,69,tensor([1070.]),"tensor([[[0., 0., 0.,  ..., 0., 0., 0.],
         [1., 0., 0.,  ..., 0., 0., 0.],
         [1., 0., 0.,  ..., 0., 0., 0.],
         ...,
         [0., 0., 0.,  ..., 0., 0., 0.],
         [0., 0., 0.,  ..., 0., 0., 0.],
         [0., 0., 0.,  ..., 0., 0., 0.]]])",spoon from plate to sink,"Since plate from table to sink
Since spoon from cupboard to plate
"
4,70,tensor([1080.]),"tensor([[[0., 0., 0.,  ..., 0., 0., 0.],
         [1., 0., 0.,  ..., 0., 0., 0.],
         [1., 0., 0.,  ..., 0., 0., 0.],
         ...,
         [0., 0., 0.,  ..., 0., 0., 0.],
         [0., 0., 0.,  ..., 0., 0., 0.],
         [0., 0., 0.,  ..., 0., 0., 0.]]])",food_rice from cookingpot to sink,"Since plate from table to sink
Since cookingpot from table to sink
Since food_rice from kitchen_counter to cookingpot
"
4,70,tensor([1080.]),"tensor([[[0., 0., 0.,  ..., 0., 0., 0.],
         [1., 0., 0.,  ..., 0., 0., 0.],
         [1., 0., 0.,  ..., 0., 0., 0.],
         ...,
         [0., 0., 0.,  ..., 0., 0., 0.],
         [0., 0., 0.,  ..., 0., 0., 0.],
         [0., 0., 0.,  ..., 0., 0., 0.]]])",food_vegetable from cookingpot to sink,"Since plate from table to sink
Since cookingpot from table to sink
Since food_vegetable from kitchen_counter to cookingpot
Since spoon from plate to sink
"
4,74,tensor([1120.]),"tensor([[[0., 0., 0.,  ..., 0., 0., 0.],
         [1., 0., 0.,  ..., 0., 0., 0.],
         [1., 0., 0.,  ..., 0., 0., 0.],
         ...,
         [0., 0., 0.,  ..., 0., 0., 0.],
         [0., 0., 0.,  ..., 0., 0., 0.],
         [0., 0., 0.,  ..., 0., 0., 0.]]])",cookingpot from sink to cupboard,"Since plate from sink to cupboard
Since cookingpot from table to sink
Since spoon from sink to cupboard
"
4,75,tensor([1130.]),"tensor([[[0., 0., 0.,  ..., 0., 0., 0.],
         [1., 0., 0.,  ..., 0., 0., 0.],
         [1., 0., 0.,  ..., 0., 0., 0.],
         ...,
         [0., 0., 0.,  ..., 0., 0., 0.],
         [0., 0., 0.,  ..., 0., 0., 0.],
         [0., 0., 0.,  ..., 0., 0., 0.]]])",coffee_cup from dishwasher to cupboard,
4,75,tensor([1130.]),"tensor([[[0., 0., 0.,  ..., 0., 0., 0.],
         [1., 0., 0.,  ..., 0., 0., 0.],
         [1., 0., 0.,  ..., 0., 0., 0.],
         ...,
         [0., 0., 0.,  ..., 0., 0., 0.],
         [0., 0., 0.,  ..., 0., 0., 0.],
         [0., 0., 0.,  ..., 0., 0., 0.]]])",mug from dishwasher to cupboard,
4,75,tensor([1130.]),"tensor([[[0., 0., 0.,  ..., 0., 0., 0.],
         [1., 0., 0.,  ..., 0., 0., 0.],
         [1., 0., 0.,  ..., 0., 0., 0.],
         ...,
         [0., 0., 0.,  ..., 0., 0., 0.],
         [0., 0., 0.,  ..., 0., 0., 0.],
         [0., 0., 0.,  ..., 0., 0., 0.]]])",plate from dishwasher to cupboard,
4,76,tensor([1140.]),"tensor([[[0., 0., 0.,  ..., 0., 0., 0.],
         [1., 0., 0.,  ..., 0., 0., 0.],
         [1., 0., 0.,  ..., 0., 0., 0.],
         ...,
         [0., 0., 0.,  ..., 0., 0., 0.],
         [0., 0., 0.,  ..., 0., 0., 0.],
         [0., 0., 0.,  ..., 0., 0., 0.]]])",mug from dishwasher to cupboard,
5,2,tensor([410.]),"tensor([[[0., 0., 0.,  ..., 0., 0., 0.],
         [1., 0., 0.,  ..., 0., 0., 0.],
         [1., 0., 0.,  ..., 0., 0., 0.],
         ...,
         [0., 0., 0.,  ..., 0., 0., 0.],
         [0., 0., 0.,  ..., 0., 0., 0.],
         [0., 0., 0.,  ..., 0., 0., 0.]]])",spectacles from bedroom to dining_room,"Since spectacles from bathroom_counter to bedroom
"
5,17,tensor([560.]),"tensor([[[0., 0., 0.,  ..., 0., 0., 0.],
         [1., 0., 0.,  ..., 0., 0., 0.],
         [1., 0., 0.,  ..., 0., 0., 0.],
         ...,
         [0., 0., 0.,  ..., 0., 0., 0.],
         [0., 0., 0.,  ..., 0., 0., 0.],
         [0., 0., 0.,  ..., 0., 0., 0.]]])",shoes from outside to dining_room,
5,17,tensor([560.]),"tensor([[[0., 0., 0.,  ..., 0., 0., 0.],
         [1., 0., 0.,  ..., 0., 0., 0.],
         [1., 0., 0.,  ..., 0., 0., 0.],
         ...,
         [0., 0., 0.,  ..., 0., 0., 0.],
         [0., 0., 0.,  ..., 0., 0., 0.],
         [0., 0., 0.,  ..., 0., 0., 0.]]])",spectacles from outside to bedroom,"Since spectacles from dining_room to outside
"
5,70,tensor([1090.]),"tensor([[[0., 0., 0.,  ..., 0., 0., 0.],
         [1., 0., 0.,  ..., 0., 0., 0.],
         [1., 0., 0.,  ..., 0., 0., 0.],
         ...,
         [0., 0., 0.,  ..., 0., 0., 0.],
         [0., 0., 0.,  ..., 0., 0., 0.],
         [0., 0., 0.,  ..., 0., 0., 0.]]])",remote_control from sofa to tvstand,
5,71,tensor([1100.]),"tensor([[[0., 0., 0.,  ..., 0., 0., 0.],
         [1., 0., 0.,  ..., 0., 0., 0.],
         [1., 0., 0.,  ..., 0., 0., 0.],
         ...,
         [0., 0., 0.,  ..., 0., 0., 0.],
         [0., 0., 0.,  ..., 0., 0., 0.],
         [0., 0., 0.,  ..., 0., 0., 0.]]])",plate from kitchen_counter to table,"Since plate from cupboard to kitchen_counter
"
5,72,tensor([1110.]),"tensor([[[0., 0., 0.,  ..., 0., 0., 0.],
         [1., 0., 0.,  ..., 0., 0., 0.],
         [1., 0., 0.,  ..., 0., 0., 0.],
         ...,
         [0., 0., 0.,  ..., 0., 0., 0.],
         [0., 0., 0.,  ..., 0., 0., 0.],
         [0., 0., 0.,  ..., 0., 0., 0.]]])",cookingpot from kitchen_counter to table,"Since cookingpot from cupboard to kitchen_counter
"
5,72,tensor([1110.]),"tensor([[[0., 0., 0.,  ..., 0., 0., 0.],
         [1., 0., 0.,  ..., 0., 0., 0.],
         [1., 0., 0.,  ..., 0., 0., 0.],
         ...,
         [0., 0., 0.,  ..., 0., 0., 0.],
         [0., 0., 0.,  ..., 0., 0., 0.],
         [0., 0., 0.,  ..., 0., 0., 0.]]])",food_rice from kitchen_counter to cookingpot,"Since cookingpot from cupboard to kitchen_counter
Since food_rice from cupboard to kitchen_counter
"
5,72,tensor([1110.]),"tensor([[[0., 0., 0.,  ..., 0., 0., 0.],
         [1., 0., 0.,  ..., 0., 0., 0.],
         [1., 0., 0.,  ..., 0., 0., 0.],
         ...,
         [0., 0., 0.,  ..., 0., 0., 0.],
         [0., 0., 0.,  ..., 0., 0., 0.],
         [0., 0., 0.,  ..., 0., 0., 0.]]])",food_vegetable from kitchen_counter to cookingpot,"Since drinking_glass from kitchen_counter to cupboard
Since cookingpot from cupboard to kitchen_counter
Since food_vegetable from fridge to kitchen_counter
"
5,72,tensor([1110.]),"tensor([[[0., 0., 0.,  ..., 0., 0., 0.],
         [1., 0., 0.,  ..., 0., 0., 0.],
         [1., 0., 0.,  ..., 0., 0., 0.],
         ...,
         [0., 0., 0.,  ..., 0., 0., 0.],
         [0., 0., 0.,  ..., 0., 0., 0.],
         [0., 0., 0.,  ..., 0., 0., 0.]]])",oil from kitchen_counter to cookingpot,"Since oil from cupboard to kitchen_counter
Since cookingpot from cupboard to kitchen_counter
"
5,73,tensor([1120.]),"tensor([[[0., 0., 0.,  ..., 0., 0., 0.],
         [1., 0., 0.,  ..., 0., 0., 0.],
         [1., 0., 0.,  ..., 0., 0., 0.],
         ...,
         [0., 0., 0.,  ..., 0., 0., 0.],
         [0., 0., 0.,  ..., 0., 0., 0.],
         [0., 0., 0.,  ..., 0., 0., 0.]]])",cookingpot from stove to table,"Since oil from kitchen_counter to cookingpot
Since cookingpot from kitchen_counter to stove
"
5,74,tensor([1130.]),"tensor([[[0., 0., 0.,  ..., 0., 0., 0.],
         [1., 0., 0.,  ..., 0., 0., 0.],
         [1., 0., 0.,  ..., 0., 0., 0.],
         ...,
         [0., 0., 0.,  ..., 0., 0., 0.],
         [0., 0., 0.,  ..., 0., 0., 0.],
         [0., 0., 0.,  ..., 0., 0., 0.]]])",spoon from plate to cupboard,
5,75,tensor([1140.]),"tensor([[[0., 0., 0.,  ..., 0., 0., 0.],
         [1., 0., 0.,  ..., 0., 0., 0.],
         [1., 0., 0.,  ..., 0., 0., 0.],
         ...,
         [0., 0., 0.,  ..., 0., 0., 0.],
         [0., 0., 0.,  ..., 0., 0., 0.],
         [0., 0., 0.,  ..., 0., 0., 0.]]])",spoon from plate to cupboard,
5,76,tensor([1150.]),"tensor([[[0., 0., 0.,  ..., 0., 0., 0.],
         [1., 0., 0.,  ..., 0., 0., 0.],
         [1., 0., 0.,  ..., 0., 0., 0.],
         ...,
         [0., 0., 0.,  ..., 0., 0., 0.],
         [0., 0., 0.,  ..., 0., 0., 0.],
         [0., 0., 0.,  ..., 0., 0., 0.]]])",spoon from plate to sink,"Since plate from table to sink
Since cookingpot from table to sink
Since spoon from cupboard to plate
"
5,79,tensor([1180.]),"tensor([[[0., 0., 0.,  ..., 0., 0., 0.],
         [1., 0., 0.,  ..., 0., 0., 0.],
         [1., 0., 0.,  ..., 0., 0., 0.],
         ...,
         [0., 0., 0.,  ..., 0., 0., 0.],
         [0., 0., 0.,  ..., 0., 0., 0.],
         [0., 0., 0.,  ..., 0., 0., 0.]]])",cookingpot from sink to cupboard,
5,79,tensor([1180.]),"tensor([[[0., 0., 0.,  ..., 0., 0., 0.],
         [1., 0., 0.,  ..., 0., 0., 0.],
         [1., 0., 0.,  ..., 0., 0., 0.],
         ...,
         [0., 0., 0.,  ..., 0., 0., 0.],
         [0., 0., 0.,  ..., 0., 0., 0.],
         [0., 0., 0.,  ..., 0., 0., 0.]]])",plate from sink to cupboard,
5,79,tensor([1180.]),"tensor([[[0., 0., 0.,  ..., 0., 0., 0.],
         [1., 0., 0.,  ..., 0., 0., 0.],
         [1., 0., 0.,  ..., 0., 0., 0.],
         ...,
         [0., 0., 0.,  ..., 0., 0., 0.],
         [0., 0., 0.,  ..., 0., 0., 0.],
         [0., 0., 0.,  ..., 0., 0., 0.]]])",spoon from sink to cupboard,
5,80,tensor([1190.]),"tensor([[[0., 0., 0.,  ..., 0., 0., 0.],
         [1., 0., 0.,  ..., 0., 0., 0.],
         [1., 0., 0.,  ..., 0., 0., 0.],
         ...,
         [0., 0., 0.,  ..., 0., 0., 0.],
         [0., 0., 0.,  ..., 0., 0., 0.],
         [0., 0., 0.,  ..., 0., 0., 0.]]])",cookingpot from sink to cupboard,"Since cookingpot from table to sink
"
5,80,tensor([1190.]),"tensor([[[0., 0., 0.,  ..., 0., 0., 0.],
         [1., 0., 0.,  ..., 0., 0., 0.],
         [1., 0., 0.,  ..., 0., 0., 0.],
         ...,
         [0., 0., 0.,  ..., 0., 0., 0.],
         [0., 0., 0.,  ..., 0., 0., 0.],
         [0., 0., 0.,  ..., 0., 0., 0.]]])",plate from sink to cupboard,
5,80,tensor([1190.]),"tensor([[[0., 0., 0.,  ..., 0., 0., 0.],
         [1., 0., 0.,  ..., 0., 0., 0.],
         [1., 0., 0.,  ..., 0., 0., 0.],
         ...,
         [0., 0., 0.,  ..., 0., 0., 0.],
         [0., 0., 0.,  ..., 0., 0., 0.],
         [0., 0., 0.,  ..., 0., 0., 0.]]])",spoon from sink to cupboard,
5,81,tensor([1200.]),"tensor([[[0., 0., 0.,  ..., 0., 0., 0.],
         [1., 0., 0.,  ..., 0., 0., 0.],
         [1., 0., 0.,  ..., 0., 0., 0.],
         ...,
         [0., 0., 0.,  ..., 0., 0., 0.],
         [0., 0., 0.,  ..., 0., 0., 0.],
         [0., 0., 0.,  ..., 0., 0., 0.]]])",cookingpot from sink to cupboard,
5,82,tensor([1210.]),"tensor([[[0., 0., 0.,  ..., 0., 0., 0.],
         [1., 0., 0.,  ..., 0., 0., 0.],
         [1., 0., 0.,  ..., 0., 0., 0.],
         ...,
         [0., 0., 0.,  ..., 0., 0., 0.],
         [0., 0., 0.,  ..., 0., 0., 0.],
         [0., 0., 0.,  ..., 0., 0., 0.]]])",cd from cd_player to table,"Since bag from dresser to bench
Since keys from table to bag
Since mail from outside to bench
Since headset from table to desk
Since remote_control from sofa to tvstand
Since plate from sink to cupboard
Since cookingpot from sink to cupboard
Since spoon from sink to cupboard
"
7,3,tensor([420.]),"tensor([[[0., 0., 0.,  ..., 0., 0., 0.],
         [1., 0., 0.,  ..., 0., 0., 0.],
         [1., 0., 0.,  ..., 0., 0., 0.],
         ...,
         [0., 0., 0.,  ..., 0., 0., 0.],
         [0., 0., 0.,  ..., 0., 0., 0.],
         [0., 0., 0.,  ..., 0., 0., 0.]]])",hairbrush from bathroom_counter to bathroom_cabinet,"Since towel from bathroom_counter to towel_rack
Since hairdryer from bathroom_cabinet to bathroom_counter
"
7,3,tensor([420.]),"tensor([[[0., 0., 0.,  ..., 0., 0., 0.],
         [1., 0., 0.,  ..., 0., 0., 0.],
         [1., 0., 0.,  ..., 0., 0., 0.],
         ...,
         [0., 0., 0.,  ..., 0., 0., 0.],
         [0., 0., 0.,  ..., 0., 0., 0.],
         [0., 0., 0.,  ..., 0., 0., 0.]]])",hairdryer from bathroom_counter to bathroom_cabinet,"Since towel from bathroom_counter to towel_rack
Since hairbrush from bathroom_cabinet to bathroom_counter
"
7,4,tensor([430.]),"tensor([[[0., 0., 0.,  ..., 0., 0., 0.],
         [1., 0., 0.,  ..., 0., 0., 0.],
         [1., 0., 0.,  ..., 0., 0., 0.],
         ...,
         [0., 0., 0.,  ..., 0., 0., 0.],
         [0., 0., 0.,  ..., 0., 0., 0.],
         [0., 0., 0.,  ..., 0., 0., 0.]]])",hairbrush from bathroom_counter to bathroom_cabinet,"Since towel from bathroom_counter to towel_rack
Since hairdryer from bathroom_cabinet to bathroom_counter
"
7,4,tensor([430.]),"tensor([[[0., 0., 0.,  ..., 0., 0., 0.],
         [1., 0., 0.,  ..., 0., 0., 0.],
         [1., 0., 0.,  ..., 0., 0., 0.],
         ...,
         [0., 0., 0.,  ..., 0., 0., 0.],
         [0., 0., 0.,  ..., 0., 0., 0.],
         [0., 0., 0.,  ..., 0., 0., 0.]]])",hairdryer from bathroom_counter to bathroom_cabinet,"Since towel from bathroom_counter to towel_rack
Since hairbrush from bathroom_cabinet to bathroom_counter
"
7,7,tensor([460.]),"tensor([[[0., 0., 0.,  ..., 0., 0., 0.],
         [1., 0., 0.,  ..., 0., 0., 0.],
         [1., 0., 0.,  ..., 0., 0., 0.],
         ...,
         [0., 0., 0.,  ..., 0., 0., 0.],
         [0., 0., 0.,  ..., 0., 0., 0.],
         [0., 0., 0.,  ..., 0., 0., 0.]]])",vacuum_cleaner from bedroom to home_office,"Since vacuum_cleaner from kitchen_cabinet to bedroom
"
7,8,tensor([470.]),"tensor([[[0., 0., 0.,  ..., 0., 0., 0.],
         [1., 0., 0.,  ..., 0., 0., 0.],
         [1., 0., 0.,  ..., 0., 0., 0.],
         ...,
         [0., 0., 0.,  ..., 0., 0., 0.],
         [0., 0., 0.,  ..., 0., 0., 0.],
         [0., 0., 0.,  ..., 0., 0., 0.]]])",vacuum_cleaner from home_office to dining_room,"Since vacuum_cleaner from bedroom to home_office
"
7,10,tensor([490.]),"tensor([[[0., 0., 0.,  ..., 0., 0., 0.],
         [1., 0., 0.,  ..., 0., 0., 0.],
         [1., 0., 0.,  ..., 0., 0., 0.],
         ...,
         [0., 0., 0.,  ..., 0., 0., 0.],
         [0., 0., 0.,  ..., 0., 0., 0.],
         [0., 0., 0.,  ..., 0., 0., 0.]]])",cloth_napkin from basket_for_clothes to drying_rack,"Since cloth_napkin from kitchen_cabinet to basket_for_clothes
"
7,40,tensor([790.]),"tensor([[[0., 0., 0.,  ..., 0., 0., 0.],
         [1., 0., 0.,  ..., 0., 0., 0.],
         [1., 0., 0.,  ..., 0., 0., 0.],
         ...,
         [0., 0., 0.,  ..., 0., 0., 0.],
         [0., 0., 0.,  ..., 0., 0., 0.],
         [0., 0., 0.,  ..., 0., 0., 0.]]])",plate from dishwasher to cupboard,
7,82,tensor([1210.]),"tensor([[[0., 0., 0.,  ..., 0., 0., 0.],
         [1., 0., 0.,  ..., 0., 0., 0.],
         [1., 0., 0.,  ..., 0., 0., 0.],
         ...,
         [0., 0., 0.,  ..., 0., 0., 0.],
         [0., 0., 0.,  ..., 0., 0., 0.],
         [0., 0., 0.,  ..., 0., 0., 0.]]])",cd from cd_player to table,"Since headset from table to desk
"
7,83,tensor([1220.]),"tensor([[[0., 0., 0.,  ..., 0., 0., 0.],
         [1., 0., 0.,  ..., 0., 0., 0.],
         [1., 0., 0.,  ..., 0., 0., 0.],
         ...,
         [0., 0., 0.,  ..., 0., 0., 0.],
         [0., 0., 0.,  ..., 0., 0., 0.],
         [0., 0., 0.,  ..., 0., 0., 0.]]])",cd from cd_player to table,"Since headset from table to desk
"
